eid,employee_name,employee_address,email,depart_date,join_date,phone
1,Marjorie,94 Homewood Pass,myankishin0@posterous.com,,04-06-15,8796172980
2,Gabey,0755 Reindahl Crossing,gtarbet1@dot.gov,,27-01-15,4428165093
3,Tedman,42 Arapahoe Plaza,tkinneir2@xinhuanet.com,,13-10-13,1073548911
4,Kissie,1 Dakota Point,kgladtbach3@tmall.com,,15-06-09,7505653171
5,Sileas,16 Carey Drive,spadkin4@sphinn.com,,09-04-19,9822075793
6,Allison,10 Heath Pass,alattie5@msn.com,,22-01-10,8196605056
7,Lina,567 Kingsford Avenue,lbutrimovich6@shinystat.com,,04-09-13,2919444820
8,Sylvia,6140 Monica Parkway,sshenton7@dot.gov,,11-09-19,3642816570
9,Pennie,4104 Transport Road,ppeckham8@adobe.com,,06-11-11,6448626783
10,Jammie,59610 Elmside Parkway,jkingcott9@epa.gov,,14-01-14,6003596291
